순서,구분,콘텐츠 아이디(CID),제목,카테고리,주소,전화번호,홈페이지,정보제공,등록일,수정일,상세 URL,중분류
1,관광정보,05G65A,천지연폭포 (제주도 국가지질공원),자연관광 > 자연경관(산) > 폭포,제주특별자치도 서귀포시 천지동,064-710-3945,http://www.jeju.go.kr/geopark/index.htm,서귀포시 관광지관리사업소,2003.09.08,2023.04.04,https://conlab.visitkorea.or.kr/conlab/formal-contents/detail?cid=05G65A&defaultCid=05G65A&categoryName=%EC%9E%90%EC%97%B0%EA%B4%80%EA%B4%91,자연관광
2,관광정보,0JRjeA,강화 원도심 스토리워크,체험관광 > 기타체험 > 기타체험관광,인천광역시 강화군 강화읍 관청길27번길 10,강화군청 문화관광과 032-930-3125,https://www.ganghwa.go.kr,,2020.11.23,2023.08.25,https://conlab.visitkorea.or.kr/conlab/formal-contents/detail?cid=0JRjeA&defaultCid=0JRjeA&categoryName=%EC%B2%B4%ED%97%98%EA%B4%80%EA%B4%91,체험관광
3,관광정보,1VdKhA,청풍호반케이블카,체험관광 > 기타체험 > 기타체험관광,충청북도 제천시 청풍면 문화재길 166,043-643-7301,http://www.cheongpungcablecar.com/,청풍호반 케이블카 홍보기획팀 팀장 김성원님,2019.06.13,2023.08.28,https://conlab.visitkorea.or.kr/conlab/formal-contents/detail?cid=1VdKhA&defaultCid=1VdKhA&categoryName=%EC%B2%B4%ED%97%98%EA%B4%80%EA%B4%91,체험관광
4,관광정보,1zNgxA,[제주올레 18-1코스] 추자도 올레,레저스포츠 > 육상레저스포츠 > 기타육상레저스포츠,제주특별자치도 제주시 추자면 추자로 39,064-762-2190 070-4060-0685,http://www.jejuolle.org,사단법인 제주올레,2013.09.10,2023.04.04,https://conlab.visitkorea.or.kr/conlab/formal-contents/detail?cid=1zNgxA&defaultCid=1zNgxA&categoryName=%EB%A0%88%EC%A0%80%EC%8A%A4%ED%8F%AC%EC%B8%A0,레저스포츠
5,관광정보,23PWHA,태화강 국가정원,자연관광 > 자연공원 > 수목원ㆍ정원,울산광역시 중구 태화강국가정원길 154,052-229-7562,https://www.ulsan.go.kr/s/garden/main.ulsan,울산시청,2004.10.14,2023.08.25,https://conlab.visitkorea.or.kr/conlab/formal-contents/detail?cid=23PWHA&defaultCid=23PWHA&categoryName=%EC%9E%90%EC%97%B0%EA%B4%80%EA%B4%91,자연관광
6,관광정보,2ANNxA,다대포 꿈의 낙조분수,문화관광 > 랜드마크관광 > 분수,부산광역시 사하구 몰운대1길 14,051-220-5897,부산 사하구 문화관광 http://www.saha.go.kr/tour/main.do,부산 사하구청,2009.07.23,2023.05.12,https://conlab.visitkorea.or.kr/conlab/formal-contents/detail?cid=2ANNxA&defaultCid=2ANNxA&categoryName=%EB%AC%B8%ED%99%94%EA%B4%80%EA%B4%91,문화관광
7,관광정보,2y31kA,주문진해변,자연관광 > 자연경관(하천‧해양) > 해변. 해수욕장,강원특별자치도 강릉시 주문진읍 주문북로 210,033-640-5422,https://www.gn.go.kr/tour/index.do http://jumunjin-beach.co.kr,강원도청 l 강원도관광재단 (https://dangdangmap.net/pet),2004.02.27,2023.07.03,https://conlab.visitkorea.or.kr/conlab/formal-contents/detail?cid=2y31kA&defaultCid=2y31kA&categoryName=%EC%9E%90%EC%97%B0%EA%B4%80%EA%B4%91,자연관광
8,관광정보,30RRmA,울주 대곡리 반구대 암각화,역사관광 > 역사유적지 > 선사유적지,울산광역시 울주군 언양읍 반구대안길 285,울주군 문화체육과 052-204-0322 울산종합관광안내소 052-277-0101 울산암각화박물관 052-229-4797,울산관광 https://tour.ulju.ulsan.kr/,울산광역시청,2004.10.12,2023.06.19,https://conlab.visitkorea.or.kr/conlab/formal-contents/detail?cid=30RRmA&defaultCid=30RRmA&categoryName=%EC%97%AD%EC%82%AC%EA%B4%80%EA%B4%91,역사관광
9,관광정보,3AMX8A,병산서원 [유네스코 세계문화유산],역사관광 > 역사유적지 > 사당,경상북도 안동시 풍천면 병산길 386,054-858-5929 054-853-0109,http://www.byeongsan.net,경북 안동시청,2003.12.04,2023.06.22,https://conlab.visitkorea.or.kr/conlab/formal-contents/detail?cid=3AMX8A&defaultCid=3AMX8A&categoryName=%EC%97%AD%EC%82%AC%EA%B4%80%EA%B4%91,역사관광
10,관광정보,3QFR9A,공주 공산성 [유네스코 세계유산],역사관광 > 역사유적지 > 성ㆍ산성ㆍ성곽,충청남도 공주시 웅진로 280,041-856-7700,http://www.gongju.go.kr/prog/tursmCn/tour/sub02_01_04/view.do?cntno=14,공주시청,2003.12.05,2023.08.29,https://conlab.visitkorea.or.kr/conlab/formal-contents/detail?cid=3QFR9A&defaultCid=3QFR9A&categoryName=%EC%97%AD%EC%82%AC%EA%B4%80%EA%B4%91,역사관광
11,관광정보,3ezWwA,예산 황새공원,자연관광 > 자연공원 > 생태관광지,충청남도 예산군 광시면 시목대리길 62-19,"041-339-8365,8366",http://www.yesan.go.kr/stork.do,예산군청 문화관광과 황새팀,2019.01.09,2023.06.21,https://conlab.visitkorea.or.kr/conlab/formal-contents/detail?cid=3ezWwA&defaultCid=3ezWwA&categoryName=%EC%9E%90%EC%97%B0%EA%B4%80%EA%B4%91,자연관광
12,관광정보,5WmWlA,경복궁,역사관광 > 역사유적지 > 고궁,서울특별시 종로구 사직로 161,경복궁 관리소 02-3700-3900,경복궁 http://www.royalpalace.go.kr 궁궐길라잡이 http://www.palaceguide.or.kr 한국의재발견 http://www.rekor.or.kr 야간관람 예매https://ticket.11st.co.kr/,경복궁 관리소,2003.12.30,2023.07.21,https://conlab.visitkorea.or.kr/conlab/formal-contents/detail?cid=5WmWlA&defaultCid=5WmWlA&categoryName=%EC%97%AD%EC%82%AC%EA%B4%80%EA%B4%91,역사관광
13,관광정보,5WmWnA,덕수궁,역사관광 > 역사유적지 > 고궁,서울특별시 중구 세종대로 99,사무실 02-771-9951 안내실 02-751-0734 석조전 안내실 02-751-0753,http://www.deoksugung.go.kr,[사진] 관광정보지킴이 이슬비 님,2004.02.25,2023.06.19,https://conlab.visitkorea.or.kr/conlab/formal-contents/detail?cid=5WmWnA&defaultCid=5WmWnA&categoryName=%EC%97%AD%EC%82%AC%EA%B4%80%EA%B4%91,역사관광
14,관광정보,5WmWxA,창경궁,역사관광 > 역사유적지 > 고궁,서울특별시 종로구 창경궁로 185,02-762-4868,http://cgg.cha.go.kr,창경궁관리소,2003.05.07,2023.08.29,https://conlab.visitkorea.or.kr/conlab/formal-contents/detail?cid=5WmWxA&defaultCid=5WmWxA&categoryName=%EC%97%AD%EC%82%AC%EA%B4%80%EA%B4%91,역사관광
15,관광정보,5m25bA,철원 한탄강 은하수교		,문화관광 > 랜드마크관광 > 다리 / 대교,강원특별자치도 철원군 동송읍 장흥리 725-12,033-450-5532,https://www.cwg.go.kr/tour/index.do,용인시 관광과 박혜경님 l 강원도관광재단 (https://dangdangmap.net/pet),2020.10.29,2023.07.03,https://conlab.visitkorea.or.kr/conlab/formal-contents/detail?cid=5m25bA&defaultCid=5m25bA&categoryName=%EB%AC%B8%ED%99%94%EA%B4%80%EA%B4%91,문화관광
16,관광정보,62El8A,원주 소금산 출렁다리,문화관광 > 랜드마크관광 > 다리 / 대교,강원특별자치도 원주시 지정면 소금산길 12,033-731-4088,https://www.wonju.go.kr/tour/index.do,"[글/사진] 원주시 관광과 관광개발 (김승렬, 김성제)",2018.01.16,2023.07.03,https://conlab.visitkorea.or.kr/conlab/formal-contents/detail?cid=62El8A&defaultCid=62El8A&categoryName=%EB%AC%B8%ED%99%94%EA%B4%80%EA%B4%91,문화관광
17,관광정보,6Vp0wA,수원 화성 [유네스코 세계문화유산],역사관광 > 역사유적지 > 성ㆍ산성ㆍ성곽,경기도 수원시 장안구 수성로 320,031-290-3600,http://www.swcf.or.kr,수원시청,2004.02.09,2023.08.24,https://conlab.visitkorea.or.kr/conlab/formal-contents/detail?cid=6Vp0wA&defaultCid=6Vp0wA&categoryName=%EC%97%AD%EC%82%AC%EA%B4%80%EA%B4%91,역사관광
18,관광정보,73QR9A,해인사(합천),역사관광 > 종교성지 > 불교,경상남도 합천군 가야면 해인사길 122,해인사(합천) 055-934-3000 매표소 055-934-3140,해인사 http://www.haeinsa.or.kr ☞ 템플스테이 보러가기,[사진] 한국불교문화사업단 템플스테이팀,2003.11.13,2023.05.10,https://conlab.visitkorea.or.kr/conlab/formal-contents/detail?cid=73QR9A&defaultCid=73QR9A&categoryName=%EC%97%AD%EC%82%AC%EA%B4%80%EA%B4%91,역사관광
19,관광정보,7dXf4A,울릉도,자연관광 > 자연경관(하천‧해양) > 섬,경상북도 울릉군 서면 태하길 236,도동 관광안내소 054-790-6454 저동 관광안내소 054-791-6629 사동 관광안내소 054-791-9163,울릉군 문화관광 http://www.ulleung.go.kr/tour,울릉군청 문화관광과 관광진흥팀,2004.02.10,2023.08.25,https://conlab.visitkorea.or.kr/conlab/formal-contents/detail?cid=7dXf4A&defaultCid=7dXf4A&categoryName=%EC%9E%90%EC%97%B0%EA%B4%80%EA%B4%91,자연관광
20,관광정보,7dXfKA,독도,자연관광 > 자연경관(하천‧해양) > 섬,경상북도 울릉군 울릉읍 독도이사부길 55,독도관리사무소 054-790-6644,외교부 독도 http://dokdo.mofa.go.kr K-독도 http://www.dokdo.go.kr,울릉군청,2004.02.10,2023.08.25,https://conlab.visitkorea.or.kr/conlab/formal-contents/detail?cid=7dXfKA&defaultCid=7dXfKA&categoryName=%EC%9E%90%EC%97%B0%EA%B4%80%EA%B4%91,자연관광
21,관광정보,7qGzRA,[제주올레 8코스] 월평-대평 올레,레저스포츠 > 육상레저스포츠 > 기타육상레저스포츠,제주특별자치도 서귀포시 월평동 741-3,064-762-2190,http://www.jejuolle.org,사단법인 제주올레,2013.08.22,2023.08.23,https://conlab.visitkorea.or.kr/conlab/formal-contents/detail?cid=7qGzRA&defaultCid=7qGzRA&categoryName=%EB%A0%88%EC%A0%80%EC%8A%A4%ED%8F%AC%EC%B8%A0,레저스포츠
22,관광정보,7qGzZA,[제주올레 9코스] 대평-화순 올레,레저스포츠 > 육상레저스포츠 > 기타육상레저스포츠,제주특별자치도 서귀포시 안덕면 감산리 982-3,064-762-2190,http://www.jejuolle.org,사단법인 제주올레,2013.08.22,2023.06.13,https://conlab.visitkorea.or.kr/conlab/formal-contents/detail?cid=7qGzZA&defaultCid=7qGzZA&categoryName=%EB%A0%88%EC%A0%80%EC%8A%A4%ED%8F%AC%EC%B8%A0,레저스포츠
23,관광정보,8YlUkA,부산 감천문화마을,문화관광 > 도시.지역문화관광 > 마을관광지,부산광역시 사하구 감내2로 203,051-204-1444,http://www.gamcheon.or.kr,부산광역시 사하구청,2015.04.14,2023.08.24,https://conlab.visitkorea.or.kr/conlab/formal-contents/detail?cid=8YlUkA&defaultCid=8YlUkA&categoryName=%EB%AC%B8%ED%99%94%EA%B4%80%EA%B4%91,문화관광
24,관광정보,92rWzA,장태산자연휴양림,자연관광 > 자연공원 > 자연휴양림,대전광역시 서구 장안로 461,042-270-7883,https://www.jangtaesan.or.kr:454/index.asp,장태산자연휴양림,2007.09.06,2023.04.27,https://conlab.visitkorea.or.kr/conlab/formal-contents/detail?cid=92rWzA&defaultCid=92rWzA&categoryName=%EC%9E%90%EC%97%B0%EA%B4%80%EA%B4%91,자연관광
25,관광정보,9AZVIA,한라산 (제주도 국가지질공원),"자연관광 > 자연경관(산) > 산, 고개, 오름, 봉우리",제주특별자치도 제주시 1100로 2070-61,제주도 국가지질공원 064-710-3945,http://www.jeju.go.kr/hallasan,한라산국립공원 관리사무소,2003.09.29,2023.08.29,https://conlab.visitkorea.or.kr/conlab/formal-contents/detail?cid=9AZVIA&defaultCid=9AZVIA&categoryName=%EC%9E%90%EC%97%B0%EA%B4%80%EA%B4%91,자연관광
26,관광정보,9R9W0A,반월도·박지도,자연관광 > 자연경관(하천‧해양) > 섬,전라남도 신안군 안좌면,061-271-1004,http://tour.shinan.go.kr/ http://반월박지도.com,신안군청,2008.06.20,2023.03.20,https://conlab.visitkorea.or.kr/conlab/formal-contents/detail?cid=9R9W0A&defaultCid=9R9W0A&categoryName=%EC%9E%90%EC%97%B0%EA%B4%80%EA%B4%91,자연관광
27,관광정보,AacESA,독일마을,역사관광 > 역사유적지 > 민속마을,경상남도 남해군 삼동면 독일로 92,055-867-8897,http://남해독일마을.com,[사진] 한국문화관광연구원,2007.03.26,2023.09.07,https://conlab.visitkorea.or.kr/conlab/formal-contents/detail?cid=AacESA&defaultCid=AacESA&categoryName=%EC%97%AD%EC%82%AC%EA%B4%80%EA%B4%91,역사관광
28,관광정보,BbR43A,동대문디자인플라자(DDP),체험관광 > 산업관광 > 기타산업관광지,서울특별시 중구 을지로 281,02-2153-0000,http://www.ddp.or.kr,관광콘텐츠팀,2016.12.28,2023.09.01,https://conlab.visitkorea.or.kr/conlab/formal-contents/detail?cid=BbR43A&defaultCid=BbR43A&categoryName=%EC%B2%B4%ED%97%98%EA%B4%80%EA%B4%91,체험관광
29,관광정보,C63XUA,팔공산자연공원(동화사지구),자연관광 > 자연공원 > 자연휴양림,대구광역시 동구 동화사1길 1,053-803-7090 (공원관리소),https://www.daegu.go.kr,팔공산자연공원관리사무소 이강식 님,2003.06.23,2023.09.11,https://conlab.visitkorea.or.kr/conlab/formal-contents/detail?cid=C63XUA&defaultCid=C63XUA&categoryName=%EC%9E%90%EC%97%B0%EA%B4%80%EA%B4%91,자연관광
30,관광정보,CtZHPA,[제주올레 14-1코스] 저지-서광 올레,레저스포츠 > 육상레저스포츠 > 기타육상레저스포츠,제주특별자치도 제주시 한경면 저지리 1851-5,064-762-2190,http://www.jejuolle.org,사단법인 제주올레,2013.08.30,2023.08.24,https://conlab.visitkorea.or.kr/conlab/formal-contents/detail?cid=CtZHPA&defaultCid=CtZHPA&categoryName=%EB%A0%88%EC%A0%80%EC%8A%A4%ED%8F%AC%EC%B8%A0,레저스포츠
31,관광정보,CtZHfA,[제주올레 10-1코스] 가파도 올레,레저스포츠 > 육상레저스포츠 > 기타육상레저스포츠,제주특별자치도 서귀포시 대정읍 가파로 243,064-762-2190,http://www.jejuolle.org,사단법인 제주올레,2013.08.30,2023.03.21,https://conlab.visitkorea.or.kr/conlab/formal-contents/detail?cid=CtZHfA&defaultCid=CtZHfA&categoryName=%EB%A0%88%EC%A0%80%EC%8A%A4%ED%8F%AC%EC%B8%A0,레저스포츠
32,관광정보,CuQOXA,서동공원과 궁남지,자연관광 > 자연경관(하천‧해양) > 연못·늪,충청남도 부여군 부여읍 궁남로 52,충남종합관광안내소 041-830-2880,http://tour.buyeo.go.kr,부여군청,2003.11.11,2023.06.22,https://conlab.visitkorea.or.kr/conlab/formal-contents/detail?cid=CuQOXA&defaultCid=CuQOXA&categoryName=%EC%9E%90%EC%97%B0%EA%B4%80%EA%B4%91,자연관광
33,관광정보,D0xH5A,홍대,체험관광 > 기타체험 > 기타체험관광,서울특별시 마포구 홍익로 20,마포관광정보센터 02-334-7878,https://www.mapo.go.kr/site/culture/content/culture010204,,2009.08.20,2023.08.25,https://conlab.visitkorea.or.kr/conlab/formal-contents/detail?cid=D0xH5A&defaultCid=D0xH5A&categoryName=%EC%B2%B4%ED%97%98%EA%B4%80%EA%B4%91,체험관광
34,관광정보,D7TdiA,만천하 스카이워크,문화관광 > 랜드마크관광 > 타워 / 전망대,충청북도 단양군 적성면 옷바위길 10,만천하스카이워크 043-421-0014~5 단양관광공사 만천하팀 043-421-7885,https://www.dytc.or.kr/mancheonha/89,,2017.12.06,2023.08.25,https://conlab.visitkorea.or.kr/conlab/formal-contents/detail?cid=D7TdiA&defaultCid=D7TdiA&categoryName=%EB%AC%B8%ED%99%94%EA%B4%80%EA%B4%91,문화관광
35,관광정보,D8UDOA,[제주올레 18코스] 제주원도심-조천 올레,레저스포츠 > 육상레저스포츠 > 기타육상레저스포츠,제주특별자치도 제주시 일도1동 1146-8,064-762-2190,http://www.jejuolle.org,사단법인 제주올레,2013.08.29,2023.06.12,https://conlab.visitkorea.or.kr/conlab/formal-contents/detail?cid=D8UDOA&defaultCid=D8UDOA&categoryName=%EB%A0%88%EC%A0%80%EC%8A%A4%ED%8F%AC%EC%B8%A0,레저스포츠
36,관광정보,DUDu9A,마이산도립공원,자연관광 > 자연공원 > 도립공원,전라북도 진안군 진안읍 마이산로 130,063-430-8751~3,https://www.jinan.go.kr/maisan/index.jinan,진안군청,2003.09.22,2023.08.29,https://conlab.visitkorea.or.kr/conlab/formal-contents/detail?cid=DUDu9A&defaultCid=DUDu9A&categoryName=%EC%9E%90%EC%97%B0%EA%B4%80%EA%B4%91,자연관광
37,관광정보,DUDurA,내장산국립공원,자연관광 > 자연공원 > 국립공원,전라북도 정읍시 내장호반로 328,063-538-7875~7,http://naejang.knps.or.kr,* 정읍시청 * 국립공원관리공단내장산사무소 * 국립공원관리공단내장산백암사무소,2004.02.13,2023.08.29,https://conlab.visitkorea.or.kr/conlab/formal-contents/detail?cid=DUDurA&defaultCid=DUDurA&categoryName=%EC%9E%90%EC%97%B0%EA%B4%80%EA%B4%91,자연관광
38,관광정보,DeHpwA,에버랜드,문화관광 > 테마공원 > 테마파크,경기도 용인시 처인구 포곡읍 에버랜드로 199,031-320-5000,http://www.everland.com,[글/사진] 마케팅그룹 커뮤니케이션파트/에버랜드리조트 류두수프로,2003.08.27,2023.06.28,https://conlab.visitkorea.or.kr/conlab/formal-contents/detail?cid=DeHpwA&defaultCid=DeHpwA&categoryName=%EB%AC%B8%ED%99%94%EA%B4%80%EA%B4%91,문화관광
39,관광정보,DrxYEA,정읍 구절초 지방정원,문화관광 > 테마공원 > 테마파크,전라북도 정읍시 산내면 매죽리 571번지,063-539-5697,http://www.jeongeup.go.kr/,한국문화관광연구원,2012.05.09,2023.08.17,https://conlab.visitkorea.or.kr/conlab/formal-contents/detail?cid=DrxYEA&defaultCid=DrxYEA&categoryName=%EB%AC%B8%ED%99%94%EA%B4%80%EA%B4%91,문화관광
40,관광정보,EGwl3A,계족산 황톳길,레저스포츠 > 육상레저스포츠 > 기타육상레저스포츠,대전광역시 대덕구 장동 산85,"042-623-9909, 042-608-5163",http://www.daedeok.go.kr,맥키스컴퍼니 대외협력실,2012.09.18,2023.08.02,https://conlab.visitkorea.or.kr/conlab/formal-contents/detail?cid=EGwl3A&defaultCid=EGwl3A&categoryName=%EB%A0%88%EC%A0%80%EC%8A%A4%ED%8F%AC%EC%B8%A0,레저스포츠
41,관광정보,EbqTBA,송월동 동화마을,문화관광 > 도시.지역문화관광 > 마을관광지,인천광역시 중구 동화마을길 38,송월동 동화마을 032-764-7494,인천 중구 문화관광 http://www.icjg.go.kr/tour,[글] 송월동 동화마을,2014.07.30,2023.08.25,https://conlab.visitkorea.or.kr/conlab/formal-contents/detail?cid=EbqTBA&defaultCid=EbqTBA&categoryName=%EB%AC%B8%ED%99%94%EA%B4%80%EA%B4%91,문화관광
42,관광정보,FR3BxA,서울대공원,문화관광 > 테마공원 > 테마파크,경기도 과천시 대공원광장로 102,02-500-7335(﻿﻿고객도움터﻿﻿)﻿﻿﻿,http://grandpark.seoul.go.kr,서울대공원 홍보팀,2003.10.07,2023.03.21,https://conlab.visitkorea.or.kr/conlab/formal-contents/detail?cid=FR3BxA&defaultCid=FR3BxA&categoryName=%EB%AC%B8%ED%99%94%EA%B4%80%EA%B4%91,문화관광
43,관광정보,GByaxA,대관령 관광특구,문화관광 > 복합관광시설 > 관광단지,강원특별자치도,"033-330-2799, 033-249-3151",http://www.gn.go.kr/tour/index.do http://www.dh.go.kr/tour/ http://www.samcheok.go.kr/tour.web http://tour.pc.go.kr https://www.hsg.go.kr/tour,[글] 트래블플러스,2014.10.18,2023.08.18,https://conlab.visitkorea.or.kr/conlab/formal-contents/detail?cid=GByaxA&defaultCid=GByaxA&categoryName=%EB%AC%B8%ED%99%94%EA%B4%80%EA%B4%91,문화관광
44,관광정보,GeLI1A,[제주올레 15코스] 한림-고내 올레 (A),레저스포츠 > 육상레저스포츠 > 기타육상레저스포츠,제주특별자치도 제주시 한림읍 한림해안로 196,064-762-2190,http://www.jejuolle.org,사단법인 제주올레,2013.08.23,2023.06.13,https://conlab.visitkorea.or.kr/conlab/formal-contents/detail?cid=GeLI1A&defaultCid=GeLI1A&categoryName=%EB%A0%88%EC%A0%80%EC%8A%A4%ED%8F%AC%EC%B8%A0,레저스포츠
45,관광정보,GeLIAA,[제주올레 17코스] 광령-제주원도심 올레,레저스포츠 > 육상레저스포츠 > 기타육상레저스포츠,제주특별자치도 제주시 애월읍 광령리 1271-5,064-762-2190,http://www.jejuolle.org,사단법인 제주올레,2013.08.23,2023.04.24,https://conlab.visitkorea.or.kr/conlab/formal-contents/detail?cid=GeLIAA&defaultCid=GeLIAA&categoryName=%EB%A0%88%EC%A0%80%EC%8A%A4%ED%8F%AC%EC%B8%A0,레저스포츠
46,관광정보,GeLIyA,[제주올레 16코스] 고내-광령 올레,레저스포츠 > 육상레저스포츠 > 기타육상레저스포츠,제주특별자치도 제주시 애월읍 고내리 1111-2,064-762-2190,http://www.jejuolle.org,사단법인 제주올레,2013.08.23,2023.03.06,https://conlab.visitkorea.or.kr/conlab/formal-contents/detail?cid=GeLIyA&defaultCid=GeLIyA&categoryName=%EB%A0%88%EC%A0%80%EC%8A%A4%ED%8F%AC%EC%B8%A0,레저스포츠
47,관광정보,Gl1WvA,한국종합무역센터(코엑스),문화관광 > 전시시설 > 컨벤션센터,서울특별시 강남구 영동대로 513,02-6000-0114,http://www.coex.co.kr,한국종합무역센터 홍보팀,2002.04.19,2023.08.23,https://conlab.visitkorea.or.kr/conlab/formal-contents/detail?cid=Gl1WvA&defaultCid=Gl1WvA&categoryName=%EB%AC%B8%ED%99%94%EA%B4%80%EA%B4%91,문화관광
48,관광정보,HSeqZA,화담숲,자연관광 > 자연공원 > 수목원ㆍ정원,경기도 광주시 도척면 도척윗로 278-1,031-8026-6666,http://www.hwadamsup.com,셈마케팅 한예은,2016.10.27,2023.08.24,https://conlab.visitkorea.or.kr/conlab/formal-contents/detail?cid=HSeqZA&defaultCid=HSeqZA&categoryName=%EC%9E%90%EC%97%B0%EA%B4%80%EA%B4%91,자연관광
49,관광정보,HdcMCA,전북 전주 한옥마을 [슬로시티],역사관광 > 역사유적지 > 민속마을,전라북도 전주시 완산구 기린대로 99,관광안내소 063-282-1330,http://hanok.jeonju.go.kr,전주한옥마을,2002.12.19,2023.08.24,https://conlab.visitkorea.or.kr/conlab/formal-contents/detail?cid=HdcMCA&defaultCid=HdcMCA&categoryName=%EC%97%AD%EC%82%AC%EA%B4%80%EA%B4%91,역사관광
50,관광정보,Hg5woA,경희궁,역사관광 > 역사유적지 > 고궁,서울특별시 종로구 새문안로 45,02-724-0274~6,문화재청 http://www.heritage.go.kr 서울역사박물관 https://museum.seoul.go.kr,서울역사박물관,2003.10.27,2023.08.28,https://conlab.visitkorea.or.kr/conlab/formal-contents/detail?cid=Hg5woA&defaultCid=Hg5woA&categoryName=%EC%97%AD%EC%82%AC%EA%B4%80%EA%B4%91,역사관광
51,관광정보,Hx9d1A,[제주올레 15코스] 한림-고내 올레 (B),레저스포츠 > 육상레저스포츠 > 기타육상레저스포츠,제주특별자치도 제주시 한림읍 한림해안로 196,064-762-2190,http://www.jejuolle.org,사단법인 제주올레,2021.03.18,2023.08.24,https://conlab.visitkorea.or.kr/conlab/formal-contents/detail?cid=Hx9d1A&defaultCid=Hx9d1A&categoryName=%EB%A0%88%EC%A0%80%EC%8A%A4%ED%8F%AC%EC%B8%A0,레저스포츠
52,관광정보,HyJlcA,대구 서문시장 & 서문시장 야시장,쇼핑 > 시장 > 상설시장,대구광역시 중구 큰장로26길 45,053-256-6341,http://www.nightseomun.com,서문시장 상가연합회,2003.11.17,2023.03.13,https://conlab.visitkorea.or.kr/conlab/formal-contents/detail?cid=HyJlcA&defaultCid=HyJlcA&categoryName=%EC%87%BC%ED%95%91,쇼핑
53,관광정보,Hza6zA,서울시립미술관(서소문본관),문화관광 > 전시시설 > 미술관/화랑,서울특별시 중구 덕수궁길 61,02-2124-8800,http://sema.seoul.go.kr,서울시립미술관,2007.11.06,2023.07.26,https://conlab.visitkorea.or.kr/conlab/formal-contents/detail?cid=Hza6zA&defaultCid=Hza6zA&categoryName=%EB%AC%B8%ED%99%94%EA%B4%80%EA%B4%91,문화관광
54,관광정보,IDWjCA,해운대해수욕장,자연관광 > 자연경관(하천‧해양) > 해변. 해수욕장,부산광역시 해운대구 해운대해변로 264,051-749-5700,http://sunnfun.haeundae.go.kr,해운대구청,2003.12.08,2023.04.22,https://conlab.visitkorea.or.kr/conlab/formal-contents/detail?cid=IDWjCA&defaultCid=IDWjCA&categoryName=%EC%9E%90%EC%97%B0%EA%B4%80%EA%B4%91,자연관광
55,관광정보,IDWjlA,다대포해수욕장,자연관광 > 자연경관(하천‧해양) > 해변. 해수욕장,부산광역시 사하구 몰운대1길 14,051-220-5895,https://www.visitbusan.net/kr/index.do https://www.saha.go.kr/tour,부산 사하구청 문화관광과 박기립님,2003.12.15,2023.03.13,https://conlab.visitkorea.or.kr/conlab/formal-contents/detail?cid=IDWjlA&defaultCid=IDWjlA&categoryName=%EC%9E%90%EC%97%B0%EA%B4%80%EA%B4%91,자연관광
56,관광정보,IDWjuA,송정해수욕장,자연관광 > 자연경관(하천‧해양) > 해변. 해수욕장,부산광역시 해운대구 송정해변로 62,051-749-5800,http://www.haeundae.go.kr/tour,해운대구청,2003.07.23,2023.06.27,https://conlab.visitkorea.or.kr/conlab/formal-contents/detail?cid=IDWjuA&defaultCid=IDWjuA&categoryName=%EC%9E%90%EC%97%B0%EA%B4%80%EA%B4%91,자연관광
57,관광정보,KA9IbA,순천만 국가정원,자연관광 > 자연공원 > 수목원ㆍ정원,전라남도 순천시 국가정원1호길 47,061-749-8000,https://scbay.suncheon.go.kr/garden/#firstSection,순천시 관광진흥과 축제계 김종열 님,2014.05.16,2023.07.27,https://conlab.visitkorea.or.kr/conlab/formal-contents/detail?cid=KA9IbA&defaultCid=KA9IbA&categoryName=%EC%9E%90%EC%97%B0%EA%B4%80%EA%B4%91,자연관광
58,관광정보,KSamXA,카멜리아힐,자연관광 > 자연공원 > 수목원ㆍ정원,제주특별자치도 서귀포시 안덕면 병악로 166,064-800-6296,http://www.camelliahill.co.kr,[사진] 서귀포시 관광진흥과 오동규 님,2009.05.26,2023.09.07,https://conlab.visitkorea.or.kr/conlab/formal-contents/detail?cid=KSamXA&defaultCid=KSamXA&categoryName=%EC%9E%90%EC%97%B0%EA%B4%80%EA%B4%91,자연관광
59,관광정보,KStXCA,제천 의림지와 제림,자연관광 > 자연경관(하천‧해양) > 호수,충청북도 제천시 의림지로 33,의림지 관광안내소 043-651-7101,https://www.jecheon.go.kr/,충청북도청 문화체육관광국 관광항공과,2007.09.11,2023.03.10,https://conlab.visitkorea.or.kr/conlab/formal-contents/detail?cid=KStXCA&defaultCid=KStXCA&categoryName=%EC%9E%90%EC%97%B0%EA%B4%80%EA%B4%91,자연관광
60,관광정보,KStXrA,팔공산자연공원(갓바위지구),자연관광 > 자연공원 > 자연휴양림,대구광역시 동구 팔공산로199길 6-1,053-982-0005,https://tour.daegu.go.kr/index.do,팔공산자연공원관리사무소 이강식 님,2003.06.23,2023.03.03,https://conlab.visitkorea.or.kr/conlab/formal-contents/detail?cid=KStXrA&defaultCid=KStXrA&categoryName=%EC%9E%90%EC%97%B0%EA%B4%80%EA%B4%91,자연관광
61,관광정보,KprH8A,경주 첨성대,역사관광 > 역사유적지 > 기타역사유적지,경상북도 경주시 첨성로 140-25,054-772-3843,http://www.gyeongju.go.kr/tour,사적공원관리사무소 이정영 님,2004.02.12,2023.06.19,https://conlab.visitkorea.or.kr/conlab/formal-contents/detail?cid=KprH8A&defaultCid=KprH8A&categoryName=%EC%97%AD%EC%82%AC%EA%B4%80%EA%B4%91,역사관광
62,관광정보,KprHZA,경주 석굴암 [유네스코 세계문화유산],역사관광 > 종교성지 > 불교,경상북도 경주시 진현동 석굴로 238 석굴암 ,054-746-9933,http://seokguram.org/,석굴암 종무소,2003.12.04,2023.08.24,https://conlab.visitkorea.or.kr/conlab/formal-contents/detail?cid=KprHZA&defaultCid=KprHZA&categoryName=%EC%97%AD%EC%82%AC%EA%B4%80%EA%B4%91,역사관광
63,관광정보,MS9dlA,한려해상국립공원 (오동도),자연관광 > 자연경관(하천‧해양) > 섬,전라남도 여수시 오동도로 222,061-659-1819,http://www.yeosu.go.kr/tour,여수시청,2003.12.29,2023.08.18,https://conlab.visitkorea.or.kr/conlab/formal-contents/detail?cid=MS9dlA&defaultCid=MS9dlA&categoryName=%EC%9E%90%EC%97%B0%EA%B4%80%EA%B4%91,자연관광
64,관광정보,MYyGDA,[제주올레 3코스] 온평-표선 올레 (A),레저스포츠 > 육상레저스포츠 > 기타육상레저스포츠,제주특별자치도 서귀포시 성산읍 온평리 1001-6,064-762-2190,http://www.jejuolle.org,사단법인 제주올레,2013.08.21,2023.08.23,https://conlab.visitkorea.or.kr/conlab/formal-contents/detail?cid=MYyGDA&defaultCid=MYyGDA&categoryName=%EB%A0%88%EC%A0%80%EC%8A%A4%ED%8F%AC%EC%B8%A0,레저스포츠
65,관광정보,MYyGmA,[제주올레 1코스] 시흥-광치기 올레,레저스포츠 > 육상레저스포츠 > 기타육상레저스포츠,제주특별자치도 서귀포시 성산읍 시흥상동로 113,064-762-2190,http://www.jejuolle.org,사단법인 제주올레,2013.08.21,2023.07.11,https://conlab.visitkorea.or.kr/conlab/formal-contents/detail?cid=MYyGmA&defaultCid=MYyGmA&categoryName=%EB%A0%88%EC%A0%80%EC%8A%A4%ED%8F%AC%EC%B8%A0,레저스포츠
66,관광정보,MYyGsA,[제주올레 2코스] 광치기-온평 올레,레저스포츠 > 육상레저스포츠 > 기타육상레저스포츠,제주특별자치도 서귀포시 성산읍 고성리 224-33,064-762-2190,http://www.jejuolle.org,사단법인 제주올레,2013.08.21,2023.03.20,https://conlab.visitkorea.or.kr/conlab/formal-contents/detail?cid=MYyGsA&defaultCid=MYyGsA&categoryName=%EB%A0%88%EC%A0%80%EC%8A%A4%ED%8F%AC%EC%B8%A0,레저스포츠
67,관광정보,OTDSfA,꽃지해수욕장,자연관광 > 자연경관(하천‧해양) > 해변. 해수욕장,충청남도 태안군 안면읍 승언리,041-670-2691,http://www.taean.go.kr/tour.do,태안군청,2003.07.01,2023.07.07,https://conlab.visitkorea.or.kr/conlab/formal-contents/detail?cid=OTDSfA&defaultCid=OTDSfA&categoryName=%EC%9E%90%EC%97%B0%EA%B4%80%EA%B4%91,자연관광
68,관광정보,OhUSkA,[제주올레 4코스] 표선-남원 올레,레저스포츠 > 육상레저스포츠 > 기타육상레저스포츠,제주특별자치도 서귀포시 표선면 민속해안로 594,064-762-2190,http://www.jejuolle.org,사단법인 제주올레,2013.08.21,2022.07.18,https://conlab.visitkorea.or.kr/conlab/formal-contents/detail?cid=OhUSkA&defaultCid=OhUSkA&categoryName=%EB%A0%88%EC%A0%80%EC%8A%A4%ED%8F%AC%EC%B8%A0,레저스포츠
69,관광정보,OhUSwA,[제주올레 5코스] 남원-쇠소깍 올레,레저스포츠 > 육상레저스포츠 > 기타육상레저스포츠,제주특별자치도 서귀포시 남원읍 남태해안로 137-1,064-762-2190,제주올레http://www.jejuolle.org,사단법인 제주올레,2013.08.22,2023.06.12,https://conlab.visitkorea.or.kr/conlab/formal-contents/detail?cid=OhUSwA&defaultCid=OhUSwA&categoryName=%EB%A0%88%EC%A0%80%EC%8A%A4%ED%8F%AC%EC%B8%A0,레저스포츠
70,관광정보,OtNKWA,소노벨 비발디파크 오션월드,문화관광 > 테마공원 > 워터파크,강원특별자치도 홍천군 서면 한치골길 262,1588-4888,https://www.sonohotelsresorts.com/vp/,비발디파크 오션월드,2006.07.11,2023.07.18,https://conlab.visitkorea.or.kr/conlab/formal-contents/detail?cid=OtNKWA&defaultCid=OtNKWA&categoryName=%EB%AC%B8%ED%99%94%EA%B4%80%EA%B4%91,문화관광
71,관광정보,P54QoA,국립아시아문화전당 ,문화관광 > 전시시설 > 전시관,광주광역시 동구 문화전당로 38,국립아시아문화전당 1899-5566,http://www.acc.go.kr,관광콘텐츠팀,2015.06.12,2022.12.26,https://conlab.visitkorea.or.kr/conlab/formal-contents/detail?cid=P54QoA&defaultCid=P54QoA&categoryName=%EB%AC%B8%ED%99%94%EA%B4%80%EA%B4%91,문화관광
72,관광정보,QPHt0A,양평 두물머리,자연관광 > 자연경관(하천‧해양) > 강,경기도 양평군 양서면 두물머리길 145,031-775-8700,http://tour.yp21.net,양평군청,2006.04.14,2023.08.25,https://conlab.visitkorea.or.kr/conlab/formal-contents/detail?cid=QPHt0A&defaultCid=QPHt0A&categoryName=%EC%9E%90%EC%97%B0%EA%B4%80%EA%B4%91,자연관광
73,관광정보,QROkUA,[제주올레 1-1코스] 우도-올레,레저스포츠 > 육상레저스포츠 > 기타육상레저스포츠,제주특별자치도 제주시 우도면 연평리 1737-1,064-762-2190,http://www.jejuolle.org,사단법인 제주올레,2013.08.30,2023.08.23,https://conlab.visitkorea.or.kr/conlab/formal-contents/detail?cid=QROkUA&defaultCid=QROkUA&categoryName=%EB%A0%88%EC%A0%80%EC%8A%A4%ED%8F%AC%EC%B8%A0,레저스포츠
74,관광정보,Qlq2OA,창덕궁과 후원 [유네스코 세계문화유산],역사관광 > 역사유적지 > 고궁,서울특별시 종로구 율곡로 99,창덕궁관리소 02-3668-2300,창덕궁 http://www.cdg.go.kr,창덕궁관리소,2004.01.19,2023.09.11,https://conlab.visitkorea.or.kr/conlab/formal-contents/detail?cid=Qlq2OA&defaultCid=Qlq2OA&categoryName=%EC%97%AD%EC%82%AC%EA%B4%80%EA%B4%91,역사관광
75,관광정보,RYS2WA,창녕 우포늪,자연관광 > 자연경관(하천‧해양) > 연못·늪,경상남도 창녕군 유어면 우포늪길 220,055-530-1553,http://www.cng.go.kr/tour/upo.web,우포늪 관리사업소,2004.02.04,2022.11.07,https://conlab.visitkorea.or.kr/conlab/formal-contents/detail?cid=RYS2WA&defaultCid=RYS2WA&categoryName=%EC%9E%90%EC%97%B0%EA%B4%80%EA%B4%91,자연관광
76,관광정보,RrqQyA,한국민속촌,역사관광 > 역사유적지 > 민속마을,경기도 용인시 기흥구 민속촌로 90,031-288-0000,http://www.koreanfolk.co.kr,용인시청 문화관광담당관실 신은희 님,2007.10.12,2023.03.21,https://conlab.visitkorea.or.kr/conlab/formal-contents/detail?cid=RrqQyA&defaultCid=RrqQyA&categoryName=%EC%97%AD%EC%82%AC%EA%B4%80%EA%B4%91,역사관광
77,관광정보,RyOXKA,태안 신두리 해안사구,자연관광 > 자연경관(하천‧해양) > 해안절경,충청남도 태안군 원북면 신두리,신두리 사구센터 041-672-0499,http://www.taean.go.kr/tour.do http://www.cha.go.kr,충남 태안군,2003.12.16,2022.10.04,https://conlab.visitkorea.or.kr/conlab/formal-contents/detail?cid=RyOXKA&defaultCid=RyOXKA&categoryName=%EC%9E%90%EC%97%B0%EA%B4%80%EA%B4%91,자연관광
78,관광정보,S3AUZA,부석사[유네스코 세계문화유산],역사관광 > 종교성지 > 불교,경상북도 영주시 부석면 부석사로 345,054-633-3464,http://www.pusoksa.org,영주시청,2004.02.17,2023.07.05,https://conlab.visitkorea.or.kr/conlab/formal-contents/detail?cid=S3AUZA&defaultCid=S3AUZA&categoryName=%EC%97%AD%EC%82%AC%EA%B4%80%EA%B4%91,역사관광
79,관광정보,SUQ1uA,익선동,체험관광 > 기타체험 > 기타체험관광,서울특별시 종로구 익선동,북인사동 관광안내소 02-734-0222 남인사동 관광안내소 02-737-7885,비짓서울 https://korean.visitseoul.net/index 종로구 문화관광 http://tour.jongno.go.kr/tour/main.do,,2020.03.17,2023.08.24,https://conlab.visitkorea.or.kr/conlab/formal-contents/detail?cid=SUQ1uA&defaultCid=SUQ1uA&categoryName=%EC%B2%B4%ED%97%98%EA%B4%80%EA%B4%91,체험관광
80,관광정보,SfvFvA,롯데월드 어드벤처,문화관광 > 테마공원 > 테마파크,서울특별시 송파구 올림픽로 240,1661-2000,http://www.lotteworld.com,롯데월드,2003.11.05,2023.08.29,https://conlab.visitkorea.or.kr/conlab/formal-contents/detail?cid=SfvFvA&defaultCid=SfvFvA&categoryName=%EB%AC%B8%ED%99%94%EA%B4%80%EA%B4%91,문화관광
81,관광정보,TCilxA,대교천 현무암 협곡 (한탄강 유네스코 세계지질공원),자연관광 > 자연생태 > 기타자연생태,강원특별자치도 철원군 동송읍 장흥리,033-450-4810,http://www.hantangeopark.kr/,국가지질공원 (https://www.koreageoparks.kr),2019.08.26,2023.07.03,https://conlab.visitkorea.or.kr/conlab/formal-contents/detail?cid=TCilxA&defaultCid=TCilxA&categoryName=%EC%9E%90%EC%97%B0%EA%B4%80%EA%B4%91,자연관광
82,관광정보,U5NwQA,[제주올레 3코스] 온평-표선 올레 (B),레저스포츠 > 육상레저스포츠 > 기타육상레저스포츠,제주특별자치도 서귀포시 성산읍 온평리 1001-6,064-762-2190,http://www.jejuolle.org,사단법인 제주올레,2021.03.18,2023.03.10,https://conlab.visitkorea.or.kr/conlab/formal-contents/detail?cid=U5NwQA&defaultCid=U5NwQA&categoryName=%EB%A0%88%EC%A0%80%EC%8A%A4%ED%8F%AC%EC%B8%A0,레저스포츠
83,관광정보,UjRXbA,영남 알프스,"자연관광 > 자연경관(산) > 산, 고개, 오름, 봉우리",울산광역시 울주군 상북면 알프스온천5길 103-8,052-204-2931,영남알프스 https://all.ulju.ulsan.kr/ynawc/,,2017.12.21,2023.08.24,https://conlab.visitkorea.or.kr/conlab/formal-contents/detail?cid=UjRXbA&defaultCid=UjRXbA&categoryName=%EC%9E%90%EC%97%B0%EA%B4%80%EA%B4%91,자연관광
84,관광정보,WpqQEA,남이섬,문화관광 > 복합관광시설 > 관광단지,경기도 가평군 가평읍 북한강변로 1024,031-580-8114,https://namisum.com,남이섬 마케팅부문 송아름슬이 l 강원도관광재단 (https://dangdangmap.net/pet),2003.12.10,2023.08.24,https://conlab.visitkorea.or.kr/conlab/formal-contents/detail?cid=WpqQEA&defaultCid=WpqQEA&categoryName=%EB%AC%B8%ED%99%94%EA%B4%80%EA%B4%91,문화관광
85,관광정보,ZLPniA,인천 차이나타운,"문화관광 > 도시.지역문화관광 > 골목길, 문화거리",인천광역시 중구 차이나타운로59번길 20,인천역관광안내소 032-777-1330 인천 문화관광과 032-760-6479,http://chinatown.alltheway.kr/ http://ic-chinatown.co.kr/,[사진] 관광정보지킴이 이슬비 님,2004.09.15,2023.08.25,https://conlab.visitkorea.or.kr/conlab/formal-contents/detail?cid=ZLPniA&defaultCid=ZLPniA&categoryName=%EB%AC%B8%ED%99%94%EA%B4%80%EA%B4%91,문화관광
86,관광정보,a3osLA,철원 용암대지 (한탄강 유네스코 세계지질공원),자연관광 > 자연공원 > 지질공원,강원특별자치도 철원군 철원읍 사요리,033-450-4810,http://www.hantangeopark.kr/,국가지질공원 (https://www.koreageoparks.kr),2019.08.14,2023.07.03,https://conlab.visitkorea.or.kr/conlab/formal-contents/detail?cid=a3osLA&defaultCid=a3osLA&categoryName=%EC%9E%90%EC%97%B0%EA%B4%80%EA%B4%91,자연관광
87,관광정보,a3osTA,고석정 (한탄강 유네스코 세계지질공원),자연관광 > 자연경관(하천‧해양) > 강,강원특별자치도 철원군 동송읍 태봉로 1825,한탄강지질공원 철원 033-450-4810,http://www.hantangeopark.kr/,철원군청 관광문화체육과 관광개발 신경미,2019.08.14,2023.08.29,https://conlab.visitkorea.or.kr/conlab/formal-contents/detail?cid=a3osTA&defaultCid=a3osTA&categoryName=%EC%9E%90%EC%97%B0%EA%B4%80%EA%B4%91,자연관광
88,관광정보,aV991A,경주 동궁과 월지,역사관광 > 역사유적지 > 고궁,경상북도 경주시 원화로 102,054-750-8655 054-750-8650,http://www.gyeongju.go.kr/tour,경주시청,2005.05.19,2023.05.22,https://conlab.visitkorea.or.kr/conlab/formal-contents/detail?cid=aV991A&defaultCid=aV991A&categoryName=%EC%97%AD%EC%82%AC%EA%B4%80%EA%B4%91,역사관광
89,관광정보,apCkoA,송도 센트럴파크,문화관광 > 도시공원 > 주제공원,인천광역시 연수구 컨벤시아대로 160,032-456-2860,,,2016.12.20,2023.03.27,https://conlab.visitkorea.or.kr/conlab/formal-contents/detail?cid=apCkoA&defaultCid=apCkoA&categoryName=%EB%AC%B8%ED%99%94%EA%B4%80%EA%B4%91,문화관광
90,관광정보,c4v9bA,소래포구 ,자연관광 > 자연경관(하천‧해양) > 항구/포구,인천광역시 남동구 포구로 2-6,032-442-6887 032-453-2140,hthttp://itour.incheon.go.kr http://sorae-pogu.co.kr/,,2015.07.24,2023.03.20,https://conlab.visitkorea.or.kr/conlab/formal-contents/detail?cid=c4v9bA&defaultCid=c4v9bA&categoryName=%EC%9E%90%EC%97%B0%EA%B4%80%EA%B4%91,자연관광
91,관광정보,cW9WNA,송도용궁구름다리,문화관광 > 랜드마크관광 > 다리 / 대교,부산광역시 서구 암남동 620-53,051-240-4087,https://www.bsseogu.go.kr/tour/index.bsseogu,,2020.11.23,2023.08.29,https://conlab.visitkorea.or.kr/conlab/formal-contents/detail?cid=cW9WNA&defaultCid=cW9WNA&categoryName=%EB%AC%B8%ED%99%94%EA%B4%80%EA%B4%91,문화관광
92,관광정보,cW9WnA,흰여울문화마을,체험관광 > 농.산.어촌 체험 > 체험마을,부산광역시 영도구 흰여울길 379,051-419-4067,http://www.ydculture.com/huinnyeoulculturetown/,,2020.11.23,2023.07.07,https://conlab.visitkorea.or.kr/conlab/formal-contents/detail?cid=cW9WnA&defaultCid=cW9WnA&categoryName=%EC%B2%B4%ED%97%98%EA%B4%80%EA%B4%91,체험관광
93,관광정보,ckox6A,영종도,자연관광 > 자연경관(하천‧해양) > 섬,인천광역시 중구 운남서로 100,032-745-0211 032-760-6478,http://yeongjong-do.co.kr,인천광역시 중구 영종동사무소,2003.07.29,2023.03.16,https://conlab.visitkorea.or.kr/conlab/formal-contents/detail?cid=ckox6A&defaultCid=ckox6A&categoryName=%EC%9E%90%EC%97%B0%EA%B4%80%EA%B4%91,자연관광
94,관광정보,ckoxsA,제부도,자연관광 > 자연경관(하천‧해양) > 섬,경기도 화성시 서신면 해안길 421-12,화성도시공사 제부도관리팀 031-355-3924,https://tour.hscity.go.kr,수협 어촌민박안내,2003.11.28,2023.06.30,https://conlab.visitkorea.or.kr/conlab/formal-contents/detail?cid=ckoxsA&defaultCid=ckoxsA&categoryName=%EC%9E%90%EC%97%B0%EA%B4%80%EA%B4%91,자연관광
95,관광정보,daRzmA,황매산군립공원,자연관광 > 자연공원 > 군립공원,경상남도 합천군 가회면 황매산공원길 4,055-930-4769,http://www.hwangmaesan.kr,한국문화관광연구원,2012.05.04,2023.08.25,https://conlab.visitkorea.or.kr/conlab/formal-contents/detail?cid=daRzmA&defaultCid=daRzmA&categoryName=%EC%9E%90%EC%97%B0%EA%B4%80%EA%B4%91,자연관광
96,관광정보,eBPtZA,"순천만습지 (구, 순천만자연생태공원)",자연관광 > 자연생태 > 생태습지,전라남도 순천시 순천만길 513-25,061-749-6052,https://scbay.suncheon.go.kr/wetland,순천시청,2003.11.17,2023.08.24,https://conlab.visitkorea.or.kr/conlab/formal-contents/detail?cid=eBPtZA&defaultCid=eBPtZA&categoryName=%EC%9E%90%EC%97%B0%EA%B4%80%EA%B4%91,자연관광
97,관광정보,eBPtnA,서울랜드,문화관광 > 테마공원 > 테마파크,경기도 과천시 광명로 181,02-509-6000,http://www.seoulland.co.kr,서울랜드 마케팅팀 최지영 주임님,2003.11.13,2023.08.25,https://conlab.visitkorea.or.kr/conlab/formal-contents/detail?cid=eBPtnA&defaultCid=eBPtnA&categoryName=%EB%AC%B8%ED%99%94%EA%B4%80%EA%B4%91,문화관광
98,관광정보,gP69HA,공주 무령왕릉과 왕릉원[유네스코 세계유산],"역사관광 > 역사유적지 > 고분, 능",충청남도 공주시 왕릉로 37-2,공주시 관광안내소 041-856-3151 공주시 문화관광과 041-840-8080,공주시 문화관광 http://tour.gongju.go.kr 문화재청 http://www.cha.go.kr,문화재청,2003.12.05,2023.08.25,https://conlab.visitkorea.or.kr/conlab/formal-contents/detail?cid=gP69HA&defaultCid=gP69HA&categoryName=%EC%97%AD%EC%82%AC%EA%B4%80%EA%B4%91,역사관광
99,관광정보,gx4PyA,남원시립김병종미술관,문화관광 > 전시시설 > 미술관/화랑,전라북도 남원시 함파우길 65-14,063-620-5660,https://nkam.modoo.at/,남원시립김병종미술관 사무실,2018.09.03,2023.05.12,https://conlab.visitkorea.or.kr/conlab/formal-contents/detail?cid=gx4PyA&defaultCid=gx4PyA&categoryName=%EB%AC%B8%ED%99%94%EA%B4%80%EA%B4%91,문화관광
100,관광정보,hxDIiA,[제주올레 7-1코스] 서귀포 버스터미널 - 제주올레 여행자센터 올레,레저스포츠 > 육상레저스포츠 > 기타육상레저스포츠,제주특별자치도 서귀포시 월드컵로 33,064-762-2190,http://www.jejuolle.org,사단법인 제주올레,2013.08.30,2023.08.23,https://conlab.visitkorea.or.kr/conlab/formal-contents/detail?cid=hxDIiA&defaultCid=hxDIiA&categoryName=%EB%A0%88%EC%A0%80%EC%8A%A4%ED%8F%AC%EC%B8%A0,레저스포츠
101,관광정보,hxxfNA,[제주올레 19코스] 조천-김녕 올레,레저스포츠 > 육상레저스포츠 > 기타육상레저스포츠,제주특별자치도 제주시 조천읍 조천리 1209-1,064-762-2190,http://www.jejuolle.org,사단법인 제주올레,2013.08.29,2022.10.19,https://conlab.visitkorea.or.kr/conlab/formal-contents/detail?cid=hxxfNA&defaultCid=hxxfNA&categoryName=%EB%A0%88%EC%A0%80%EC%8A%A4%ED%8F%AC%EC%B8%A0,레저스포츠
102,관광정보,il4LQA,헤이리 예술마을,문화관광 > 도시.지역문화관광 > 마을관광지,경기도 파주시 탄현면 헤이리마을길 70-21,031-946-8551,http://heyri.net,헤이리문화예술마을 상임이사 한상구 님,2004.06.08,2022.10.14,https://conlab.visitkorea.or.kr/conlab/formal-contents/detail?cid=il4LQA&defaultCid=il4LQA&categoryName=%EB%AC%B8%ED%99%94%EA%B4%80%EA%B4%91,문화관광
103,관광정보,jSTKgA,죽녹원,자연관광 > 자연공원 > 수목원ㆍ정원,전라남도 담양군 담양읍 죽녹원로 119,061-380-2680,https://www.juknokwon.go.kr,죽녹원,2006.03.13,2023.08.24,https://conlab.visitkorea.or.kr/conlab/formal-contents/detail?cid=jSTKgA&defaultCid=jSTKgA&categoryName=%EC%9E%90%EC%97%B0%EA%B4%80%EA%B4%91,자연관광
104,관광정보,jbGw6A,바람의 언덕,"자연관광 > 자연경관(산) > 산, 고개, 오름, 봉우리",경상남도 거제시 남부면 도장포마을,거제시 관광과 055-639-4163,http://tour.geoje.go.kr,거제군청,2007.03.19,2023.08.03,https://conlab.visitkorea.or.kr/conlab/formal-contents/detail?cid=jbGw6A&defaultCid=jbGw6A&categoryName=%EC%9E%90%EC%97%B0%EA%B4%80%EA%B4%91,자연관광
105,관광정보,jh0j1A,익산 미륵사지 [유네스코 세계유산],역사관광 > 역사유적지 > 사적지,전라북도 익산시 금마면 미륵사지로 362,미륵사지 관광안내소 063-859-3873 국립익산박물관 063-830-0900,익산시 문화관광 http://www.iksan.go.kr/tour/index.iksan 국립익산박물관 http://iksan.museum.go.kr,미륵사지 유물전시관,2003.11.17,2022.05.06,https://conlab.visitkorea.or.kr/conlab/formal-contents/detail?cid=jh0j1A&defaultCid=jh0j1A&categoryName=%EC%97%AD%EC%82%AC%EA%B4%80%EA%B4%91,역사관광
106,관광정보,k5a0SA,용두산 자갈치 관광특구,문화관광 > 복합관광시설 > 관광단지,부산광역시 중구 자갈치해안로 52,051-600-4000,부산광역시 중구 문화관광 http://www.bsjunggu.go.kr/tour/index.junggu,[글] 트래블플러스,2014.10.21,2023.08.24,https://conlab.visitkorea.or.kr/conlab/formal-contents/detail?cid=k5a0SA&defaultCid=k5a0SA&categoryName=%EB%AC%B8%ED%99%94%EA%B4%80%EA%B4%91,문화관광
107,관광정보,kWPHrA,외암민속마을,역사관광 > 역사유적지 > 민속마을,충청남도 아산시 송악면 외암민속길9번길 13-2,041-541-0848,http://www.oeam.co.kr,한국농어촌공사 농어촌자원개발원 콘텐츠운영부 김상민님,2003.09.09,2023.08.11,https://conlab.visitkorea.or.kr/conlab/formal-contents/detail?cid=kWPHrA&defaultCid=kWPHrA&categoryName=%EC%97%AD%EC%82%AC%EA%B4%80%EA%B4%91,역사관광
108,관광정보,lvPtjA,청남대 ,문화관광 > 랜드마크관광 > 건물,충청북도 청주시 상당구 문의면 청남대길 646,043-257-5080,http://chnam.chungbuk.go.kr,청남대,2004.01.14,2023.06.27,https://conlab.visitkorea.or.kr/conlab/formal-contents/detail?cid=lvPtjA&defaultCid=lvPtjA&categoryName=%EB%AC%B8%ED%99%94%EA%B4%80%EA%B4%91,문화관광
109,관광정보,mlJMRA,[제주올레 21코스] 하도-종달 올레,레저스포츠 > 육상레저스포츠 > 기타육상레저스포츠,제주특별자치도 제주시 구좌읍 해녀박물관길 26,064-762-2190,http://www.jejuolle.org,사단법인 제주올레,2013.08.29,2022.10.19,https://conlab.visitkorea.or.kr/conlab/formal-contents/detail?cid=mlJMRA&defaultCid=mlJMRA&categoryName=%EB%A0%88%EC%A0%80%EC%8A%A4%ED%8F%AC%EC%B8%A0,레저스포츠
110,관광정보,mlJMtA,[제주올레 20코스] 김녕-하도 올레,레저스포츠 > 육상레저스포츠 > 기타육상레저스포츠,제주특별자치도 제주시 구좌읍 김녕리 4069,064-762-2190,http://www.jejuolle.org,사단법인 제주올레,2013.08.29,2023.02.27,https://conlab.visitkorea.or.kr/conlab/formal-contents/detail?cid=mlJMtA&defaultCid=mlJMtA&categoryName=%EB%A0%88%EC%A0%80%EC%8A%A4%ED%8F%AC%EC%B8%A0,레저스포츠
111,관광정보,nUdrAA,서대문형무소역사관,문화관광 > 전시시설 > 전시관,서울특별시 서대문구 통일로 251,서대문형무소역사관 02-360-8590,서대문형무소역사관 http://sphh.sscmc.or.kr,서대문형무소역사관,2007.11.06,2023.06.13,https://conlab.visitkorea.or.kr/conlab/formal-contents/detail?cid=nUdrAA&defaultCid=nUdrAA&categoryName=%EB%AC%B8%ED%99%94%EA%B4%80%EA%B4%91,문화관광
112,관광정보,oBZCnA,무등산국립공원,자연관광 > 자연공원 > 국립공원,전라남도 화순군 화순읍 중지길 200,061-371-1187,,아로정보기술 신병문 작가 / 국립공원 동부사무소 직원 문기웅,2021.12.14,2023.03.02,https://conlab.visitkorea.or.kr/conlab/formal-contents/detail?cid=oBZCnA&defaultCid=oBZCnA&categoryName=%EC%9E%90%EC%97%B0%EA%B4%80%EA%B4%91,자연관광
113,관광정보,oPrV4A,스타필드 코엑스몰,쇼핑 > 쇼핑몰 > 복합쇼핑몰,서울특별시 강남구 영동대로 513,02-6002-5300,http://www.starfield.co.kr/coexmall,이진희님,2015.01.20,2023.08.25,https://conlab.visitkorea.or.kr/conlab/formal-contents/detail?cid=oPrV4A&defaultCid=oPrV4A&categoryName=%EC%87%BC%ED%95%91,쇼핑
114,관광정보,prOxbA,비자림,자연관광 > 자연공원 > 수목원ㆍ정원,제주특별자치도 제주시 구좌읍 비자숲길 55,064-710-7912,http://www.visitjeju.net/,비자림관리사무소,2004.02.26,2023.08.29,https://conlab.visitkorea.or.kr/conlab/formal-contents/detail?cid=prOxbA&defaultCid=prOxbA&categoryName=%EC%9E%90%EC%97%B0%EA%B4%80%EA%B4%91,자연관광
115,관광정보,qSuj1A,[제주올레 12코스] 무릉-용수 올레,레저스포츠 > 육상레저스포츠 > 기타육상레저스포츠,제주특별자치도 서귀포시 대정읍 노을해안로 342-5,064-762-2190,http://www.jejuolle.org,사단법인 제주올레,2013.08.22,2023.02.22,https://conlab.visitkorea.or.kr/conlab/formal-contents/detail?cid=qSuj1A&defaultCid=qSuj1A&categoryName=%EB%A0%88%EC%A0%80%EC%8A%A4%ED%8F%AC%EC%B8%A0,레저스포츠
116,관광정보,qSujdA,[제주올레 13코스] 용수-저지 올레,레저스포츠 > 육상레저스포츠 > 기타육상레저스포츠,제주특별자치도 제주시 한경면 용수리 4241-7,064-762-2190,http://www.jejuolle.org,사단법인 제주올레,2013.08.23,2023.03.20,https://conlab.visitkorea.or.kr/conlab/formal-contents/detail?cid=qSujdA&defaultCid=qSujdA&categoryName=%EB%A0%88%EC%A0%80%EC%8A%A4%ED%8F%AC%EC%B8%A0,레저스포츠
117,관광정보,qSujuA,[제주올레 14코스] 저지-한림 올레,레저스포츠 > 육상레저스포츠 > 기타육상레저스포츠,제주특별자치도 제주시 한경면 저지리 1851-5,064-762-2190,http://www.jejuolle.org,사단법인 제주올레,2013.08.23,2022.10.20,https://conlab.visitkorea.or.kr/conlab/formal-contents/detail?cid=qSujuA&defaultCid=qSujuA&categoryName=%EB%A0%88%EC%A0%80%EC%8A%A4%ED%8F%AC%EC%B8%A0,레저스포츠
118,관광정보,qUTxiA,단양강 잔도,자연관광 > 자연경관(하천‧해양) > 강,충청북도 단양군 단양읍 삼봉로 31,043-422-1146,http://www.danyang.go.kr/tour,한국관광공사 국민관광전략팀,2019.05.31,2023.06.10,https://conlab.visitkorea.or.kr/conlab/formal-contents/detail?cid=qUTxiA&defaultCid=qUTxiA&categoryName=%EC%9E%90%EC%97%B0%EA%B4%80%EA%B4%91,자연관광
119,관광정보,qiE0hA,경주 불국사 [유네스코 세계문화유산],역사관광 > 종교성지 > 불교,경상북도 경주시 불국로 385,054-746-9913,http://www.bulguksa.or.kr,불국사 종무소,2004.02.12,2023.08.24,https://conlab.visitkorea.or.kr/conlab/formal-contents/detail?cid=qiE0hA&defaultCid=qiE0hA&categoryName=%EC%97%AD%EC%82%AC%EA%B4%80%EA%B4%91,역사관광
120,관광정보,r8xNUA,세종호수공원 일원,문화관광 > 도시공원 > 주제공원,세종특별자치시 연기면 호수공원길 155,044-301-3926,https://www.sejong.go.kr/lake.do,[글/사진] 세종시청,2014.09.06,2023.03.13,https://conlab.visitkorea.or.kr/conlab/formal-contents/detail?cid=r8xNUA&defaultCid=r8xNUA&categoryName=%EB%AC%B8%ED%99%94%EA%B4%80%EA%B4%91,문화관광
121,관광정보,rGdYTA,아침고요수목원,자연관광 > 자연공원 > 수목원ㆍ정원,경기도 가평군 상면 수목원로 432,1544-6703,http://www.morningcalm.co.kr,아침고요수목원 김민정 님,2007.10.03,2023.05.19,https://conlab.visitkorea.or.kr/conlab/formal-contents/detail?cid=rGdYTA&defaultCid=rGdYTA&categoryName=%EC%9E%90%EC%97%B0%EA%B4%80%EA%B4%91,자연관광
122,관광정보,rTSUTA,부산 송도해수욕장,자연관광 > 자연경관(하천‧해양) > 해변. 해수욕장,부산광역시 서구 송도해변로 100,051-240-4000,http://tour.busan.go.kr,부산시 서구청,2003.12.09,2023.04.22,https://conlab.visitkorea.or.kr/conlab/formal-contents/detail?cid=rTSUTA&defaultCid=rTSUTA&categoryName=%EC%9E%90%EC%97%B0%EA%B4%80%EA%B4%91,자연관광
123,관광정보,rdSpTA,태종대 (부산 국가지질공원),자연관광 > 자연경관(하천‧해양) > 해안절경,부산광역시 영도구 전망로 24,051-888-3637,https://www.bisco.or.kr/taejongdae/,태종대유원지사업소 김창갑 님,2003.11.07,2023.08.28,https://conlab.visitkorea.or.kr/conlab/formal-contents/detail?cid=rdSpTA&defaultCid=rdSpTA&categoryName=%EC%9E%90%EC%97%B0%EA%B4%80%EA%B4%91,자연관광
124,관광정보,s250CA,힐링파크 쑥섬쑥섬 (애도),자연관광 > 자연공원 > 생태관광지,전라남도 고흥군 봉래면 나로도항길 120-7,"010-2504-1991, 010-8672-9222",http://www.ssookseom.com/ 고흥 문화관광 http://tour.goheung.go.kr/tour,[글/사진] 고채훈님,2017.03.06,2023.03.13,https://conlab.visitkorea.or.kr/conlab/formal-contents/detail?cid=s250CA&defaultCid=s250CA&categoryName=%EC%9E%90%EC%97%B0%EA%B4%80%EA%B4%91,자연관광
125,관광정보,s5RVuA,간현관광지,문화관광 > 도시공원 > 주제공원,강원특별자치도 원주시 지정면 소금산길 26,간현 관광안내소 033-733-1330 소금산그랜드밸리 033-749-4860,간현관광지http://ganhyeon.wonju.go.kr/ 원주 관광포털https://www.wonju.go.kr/ 원주시시설관리공단https://www.wonju.go.kr/,원주시시설관리공단 공공사업부 홍태구 주임님,2003.03.28,2023.08.25,https://conlab.visitkorea.or.kr/conlab/formal-contents/detail?cid=s5RVuA&defaultCid=s5RVuA&categoryName=%EB%AC%B8%ED%99%94%EA%B4%80%EA%B4%91,문화관광
126,관광정보,sHVhjA,관북리유적과 부소산성 [유네스코 세계유산] ,역사관광 > 역사유적지 > 성ㆍ산성ㆍ성곽,충청남도 부여군 부여읍 부소로 15,041-830-2880,http://tour.buyeo.go.kr/ http://www.cha.go.kr,"부여군청, 부소산문 매표소",2003.03.02,2023.08.24,https://conlab.visitkorea.or.kr/conlab/formal-contents/detail?cid=sHVhjA&defaultCid=sHVhjA&categoryName=%EC%97%AD%EC%82%AC%EA%B4%80%EA%B4%91,역사관광
127,관광정보,sVoU9A,파주 임진각(평화누리공원),역사관광 > 안보관광지 > 안보관광시설,경기도 파주시 문산읍 임진각로 177,031-953-4744,http://tour.paju.go.kr,임진각(주) 대표이사 박종건 님,2003.04.18,2023.08.25,https://conlab.visitkorea.or.kr/conlab/formal-contents/detail?cid=sVoU9A&defaultCid=sVoU9A&categoryName=%EC%97%AD%EC%82%AC%EA%B4%80%EA%B4%91,역사관광
128,관광정보,tDA1AA,예당호 출렁다리(음악분수),문화관광 > 랜드마크관광 > 다리 / 대교,충청남도 예산군 응봉면 예당관광로 161,041-339-8282~5,http://www.yesan.go.kr/bridge.do,충남 예산군청 문화관광과 윤주형님,2019.06.13,2023.06.27,https://conlab.visitkorea.or.kr/conlab/formal-contents/detail?cid=tDA1AA&defaultCid=tDA1AA&categoryName=%EB%AC%B8%ED%99%94%EA%B4%80%EA%B4%91,문화관광
129,관광정보,tDA1JA,목포 해상케이블카,체험관광 > 기타체험 > 기타체험관광,전라남도 목포시 해양대학로 240,061-244-2600,http://www.mmcablecar.com,마케팅 영업부 정진표 차장,2019.06.13,2023.06.23,https://conlab.visitkorea.or.kr/conlab/formal-contents/detail?cid=tDA1JA&defaultCid=tDA1JA&categoryName=%EC%B2%B4%ED%97%98%EA%B4%80%EA%B4%91,체험관광
130,관광정보,uWUxgA,남산서울타워,문화관광 > 랜드마크관광 > 타워 / 전망대,서울특별시 용산구 남산공원길 105,02-3455-9277,http://www.seoultower.co.kr,남산서울타워,2002.10.31,2023.06.10,https://conlab.visitkorea.or.kr/conlab/formal-contents/detail?cid=uWUxgA&defaultCid=uWUxgA&categoryName=%EB%AC%B8%ED%99%94%EA%B4%80%EA%B4%91,문화관광
131,관광정보,uwnD4A,설악산국립공원(내설악),자연관광 > 자연공원 > 국립공원,강원특별자치도 인제군 북면 ,설악산국립공원사무소 033-801-0900,설악산국립공원 http://seorak.knps.or.kr 설악 케이블카 http://www.sorakcablecar.co.kr,국립공원관리공단 설악산관리사무소 관리과,2004.02.13,2023.07.03,https://conlab.visitkorea.or.kr/conlab/formal-contents/detail?cid=uwnD4A&defaultCid=uwnD4A&categoryName=%EC%9E%90%EC%97%B0%EA%B4%80%EA%B4%91,자연관광
132,관광정보,uwnD9A,설악산국립공원(남설악),자연관광 > 자연공원 > 국립공원,강원특별자치도 양양군 서면 설악로 801,033-801-0900,http://seorak.knps.or.kr 설악케이블카 http://www.sorakcablecar.co.kr,[사진] 국립공원,2004.02.13,2023.07.10,https://conlab.visitkorea.or.kr/conlab/formal-contents/detail?cid=uwnD9A&defaultCid=uwnD9A&categoryName=%EC%9E%90%EC%97%B0%EA%B4%80%EA%B4%91,자연관광
133,관광정보,uxxI3A,경주 대릉원 일원,"역사관광 > 역사유적지 > 고분, 능",경상북도 경주시 계림로 9,054-750-8650,http://www.gyeongju.go.kr/tour,문화재청,2011.12.14,2023.08.24,https://conlab.visitkorea.or.kr/conlab/formal-contents/detail?cid=uxxI3A&defaultCid=uxxI3A&categoryName=%EC%97%AD%EC%82%AC%EA%B4%80%EA%B4%91,역사관광
134,관광정보,vUuKpA,수성못 유원지,문화관광 > 도시공원 > 주제공원,대구광역시 수성구 용학로 35-5,053-666-2863 수성못 관광안내소 053-761-0645,http://www.suseong.kr/tour/index.do,수성구청,2010.10.22,2023.03.10,https://conlab.visitkorea.or.kr/conlab/formal-contents/detail?cid=vUuKpA&defaultCid=vUuKpA&categoryName=%EB%AC%B8%ED%99%94%EA%B4%80%EA%B4%91,문화관광
135,관광정보,w7676A,소노벨 비발디파크,숙박 > 콘도미니엄 > 콘도,강원특별자치도 홍천군 서면 한치골길 262,1588-4888,http://www.vivaldipark.com,비발디파크,2007.10.12,2023.07.02,https://conlab.visitkorea.or.kr/conlab/formal-contents/detail?cid=w7676A&defaultCid=w7676A&categoryName=%EC%88%99%EB%B0%95,숙박
136,관광정보,wGimkA,광명동굴,자연관광 > 자연생태 > 동굴,경기도 광명시 가학로85번길 142,070-4277-8902,http://www.gm.go.kr/cv/index.do,,2020.03.17,2023.09.07,https://conlab.visitkorea.or.kr/conlab/formal-contents/detail?cid=wGimkA&defaultCid=wGimkA&categoryName=%EC%9E%90%EC%97%B0%EA%B4%80%EA%B4%91,자연관광
137,관광정보,wK7Q1A,안동 하회마을 [유네스코 세계문화유산] ,역사관광 > 역사유적지 > 민속마을,경상북도 안동시 풍천면 하회종가길 2-1,마을관광안내전화 054-852-3588 / 문화관광해설·통역안내 054-840-3803 / 안동하회마을관리사무소 054-854-3669,http://www.hahoe.or.kr,안동 하회마을,2009.12.11,2023.01.18,https://conlab.visitkorea.or.kr/conlab/formal-contents/detail?cid=wK7Q1A&defaultCid=wK7Q1A&categoryName=%EC%97%AD%EC%82%AC%EA%B4%80%EA%B4%91,역사관광
138,관광정보,wO7NCA,안성팜랜드,체험관광 > 산업관광 > 기타산업관광지,경기도 안성시 공도읍 대신두길 28,031-8053-7979,http://www.nhasfarmland.com/,관광콘텐츠팀,2016.12.19,2023.08.24,https://conlab.visitkorea.or.kr/conlab/formal-contents/detail?cid=wO7NCA&defaultCid=wO7NCA&categoryName=%EC%B2%B4%ED%97%98%EA%B4%80%EA%B4%91,체험관광
139,관광정보,wVtd3A,[제주올레 10코스] 화순-모슬포 올레,레저스포츠 > 육상레저스포츠 > 기타육상레저스포츠,제주특별자치도 서귀포시 안덕면 화순해안로 85,064-762-2190,http://www.jejuolle.org,사단법인 제주올레,2013.08.22,2023.03.07,https://conlab.visitkorea.or.kr/conlab/formal-contents/detail?cid=wVtd3A&defaultCid=wVtd3A&categoryName=%EB%A0%88%EC%A0%80%EC%8A%A4%ED%8F%AC%EC%B8%A0,레저스포츠
140,관광정보,wVtdiA,[제주올레 11코스] 모슬포-무릉 올레,레저스포츠 > 육상레저스포츠 > 기타육상레저스포츠,제주특별자치도 서귀포시 대정읍 하모리 2140,064-762-2190,http://www.jejuolle.org,사단법인 제주올레,2013.08.22,2023.08.03,https://conlab.visitkorea.or.kr/conlab/formal-contents/detail?cid=wVtdiA&defaultCid=wVtdiA&categoryName=%EB%A0%88%EC%A0%80%EC%8A%A4%ED%8F%AC%EC%B8%A0,레저스포츠
141,관광정보,x2PW9A,원대리 자작나무 숲 (속삭이는 자작나무 숲),자연관광 > 자연경관(산) > 숲,강원특별자치도 인제군 인제읍 자작나무숲길 760,국유림관리소 033-460-8036 자작나무숲입구안내소 033-461-9696,https://www.forest.go.kr/,[글/사진] 산림청,2013.06.13,2023.08.18,https://conlab.visitkorea.or.kr/conlab/formal-contents/detail?cid=x2PW9A&defaultCid=x2PW9A&categoryName=%EC%9E%90%EC%97%B0%EA%B4%80%EA%B4%91,자연관광
142,관광정보,x53vYA,대왕암공원,문화관광 > 도시공원 > 시민공원,울산광역시 동구 등대로 95,052-209-3738,https://daewangam.donggu.ulsan.kr/,울산광역시청,2003.06.30,2023.06.19,https://conlab.visitkorea.or.kr/conlab/formal-contents/detail?cid=x53vYA&defaultCid=x53vYA&categoryName=%EB%AC%B8%ED%99%94%EA%B4%80%EA%B4%91,문화관광
143,관광정보,x6hp4A,대천해수욕장,자연관광 > 자연경관(하천‧해양) > 해변. 해수욕장,충청남도 보령시 머드로 123,보령시 해수욕장경영과 041-930-6810 보령시 대천5동주민센터 041-930-0815,대천해수욕장 http://daecheonbeach.kr/ 보령 문화관광 https://www.brcn.go.kr/tour.do,보령시청,2003.12.05,2023.09.05,https://conlab.visitkorea.or.kr/conlab/formal-contents/detail?cid=x6hp4A&defaultCid=x6hp4A&categoryName=%EC%9E%90%EC%97%B0%EA%B4%80%EA%B4%91,자연관광
144,관광정보,x6hpwA,대한다원,체험관광 > 산업관광 > 화장품/주류/먹거리,전라남도 보성군 보성읍 녹차로 763-65,061-852-4540,http://dhdawon.com,관광콘텐츠팀,2004.01.12,2023.02.15,https://conlab.visitkorea.or.kr/conlab/formal-contents/detail?cid=x6hpwA&defaultCid=x6hpwA&categoryName=%EC%B2%B4%ED%97%98%EA%B4%80%EA%B4%91,체험관광
145,관광정보,xp5BjA,팔공산자연공원(파계사지구),자연관광 > 자연공원 > 자연휴양림,대구광역시 동구 파계로 741,053-939-0080,https://tour.daegu.go.kr/,팔공산자연공원관리사무소,2003.03.25,2023.02.17,https://conlab.visitkorea.or.kr/conlab/formal-contents/detail?cid=xp5BjA&defaultCid=xp5BjA&categoryName=%EC%9E%90%EC%97%B0%EA%B4%80%EA%B4%91,자연관광
146,관광정보,y0OTAA,[제주올레 6코스] 쇠소깍-제주올레 여행자센터 올레,레저스포츠 > 육상레저스포츠 > 기타육상레저스포츠,제주특별자치도 서귀포시 하효동 995-4,064-762-2190,http://www.jejuolle.org,사단법인 제주올레,2013.08.22,2023.02.14,https://conlab.visitkorea.or.kr/conlab/formal-contents/detail?cid=y0OTAA&defaultCid=y0OTAA&categoryName=%EB%A0%88%EC%A0%80%EC%8A%A4%ED%8F%AC%EC%B8%A0,레저스포츠
147,관광정보,y0OTIA,[제주올레 7코스] 제주올레 여행자센터 - 월평 올레,레저스포츠 > 육상레저스포츠 > 기타육상레저스포츠,제주특별자치도 서귀포시 서홍동 780-4,064-762-2190,http://www.jejuolle.org,사단법인 제주올레,2013.08.22,2023.06.12,https://conlab.visitkorea.or.kr/conlab/formal-contents/detail?cid=y0OTIA&defaultCid=y0OTIA&categoryName=%EB%A0%88%EC%A0%80%EC%8A%A4%ED%8F%AC%EC%B8%A0,레저스포츠
148,관광정보,zpBjPA,성산일출봉 [유네스코 세계자연유산],"자연관광 > 자연경관(산) > 산, 고개, 오름, 봉우리",제주특별자치도 서귀포시 성산읍 일출로 284-12,064-710-7923,http://www.jeju.go.kr/jejuwnh/index.htm,제주시 관광지관리사무소,2003.07.22,2023.08.28,https://conlab.visitkorea.or.kr/conlab/formal-contents/detail?cid=zpBjPA&defaultCid=zpBjPA&categoryName=%EC%9E%90%EC%97%B0%EA%B4%80%EA%B4%91,자연관광
